jxml2sql04,1,941
jxml2sql07,1,946
jxml2sql09,1,887
jxml2sql14,1,152
jxml2sql15,1,906
jxml2sql16,1,937
jxml2sql18,1,981
jxml2sql19,1,898
jxml2sql20,1,921
jxml2sql21,1,907
jxml2sql22,1,284
jxml2sql23,1,876
jxml2sql24,1,933
jxml2sql25,1,820
jxml2sql26,1,1038
jxml2sql27,1,1011
jxml2sql28,1,1026
jxml2sql29,1,1222
jxml2sql30,1,941
jxml2sql31,1,912
jxml2sql32,1,968
jxml2sql33,1,912
jxml2sql34,1,954
jxml2sql04,2,958
jxml2sql07,2,934
jxml2sql09,2,960
jxml2sql14,2,148
jxml2sql15,2,898
jxml2sql16,2,968
jxml2sql18,2,1002
jxml2sql19,2,936
jxml2sql20,2,972
jxml2sql21,2,977
jxml2sql22,2,296
jxml2sql23,2,927
jxml2sql24,2,1008
jxml2sql25,2,808
jxml2sql26,2,1096
jxml2sql27,2,1048
jxml2sql28,2,1066
jxml2sql29,2,1186
jxml2sql30,2,944
jxml2sql31,2,934
jxml2sql32,2,979
jxml2sql33,2,986
jxml2sql34,2,930
jxml2sql04,4,1045
jxml2sql07,4,1011
jxml2sql09,4,1044
jxml2sql14,4,194
jxml2sql15,4,1036
jxml2sql16,4,1047
jxml2sql18,4,1161
jxml2sql19,4,1015
jxml2sql20,4,1061
jxml2sql21,4,1083
jxml2sql22,4,351
jxml2sql23,4,997
jxml2sql24,4,1109
jxml2sql25,4,909
jxml2sql26,4,1179
jxml2sql27,4,1125
jxml2sql28,4,1139
jxml2sql29,4,1299
jxml2sql30,4,1061
jxml2sql31,4,1079
jxml2sql32,4,1039
jxml2sql33,4,1049
jxml2sql34,4,1057
jxml2sql04,8,1337
jxml2sql07,8,1338
jxml2sql09,8,1332
jxml2sql14,8,273
jxml2sql15,8,1359
jxml2sql16,8,1298
jxml2sql18,8,1442
jxml2sql19,8,1295
jxml2sql20,8,1385
jxml2sql21,8,1426
jxml2sql22,8,484
jxml2sql23,8,1295
jxml2sql24,8,1413
jxml2sql25,8,1219
jxml2sql26,8,1436
jxml2sql27,8,1442
jxml2sql28,8,1439
jxml2sql29,8,1627
jxml2sql30,8,1365
jxml2sql31,8,1365
jxml2sql32,8,1322
jxml2sql33,8,1304
jxml2sql34,8,1322
jxml2sql04,16,29108
jxml2sql07,16,28774
jxml2sql09,16,31084
jxml2sql14,16,3247
jxml2sql15,16,29232
jxml2sql16,16,30719
jxml2sql18,16,27699
jxml2sql19,16,29118
jxml2sql20,16,27849
jxml2sql21,16,30808
jxml2sql22,16,7328
jxml2sql23,16,27490
jxml2sql24,16,29815
jxml2sql25,16,27943
jxml2sql26,16,30054
jxml2sql27,16,33264
jxml2sql28,16,31111
jxml2sql29,16,35255
jxml2sql30,16,29949
jxml2sql31,16,29991
jxml2sql32,16,29013
jxml2sql33,16,28024
jxml2sql34,16,27188
